"External ID","Country/Country Code","Country/Country Name","State Code","State Name"
"__export__.res_country_state_178","BD","Bangladesh","",""
"__export__.res_country_state_298","PH","Philippines","00","National Capital Region"
"__export__.res_country_state_272","RS","Serbia","00","Belgrade"
"__export__.res_country_state_348","SI","Slovenia","008","Brezovica"
"__export__.res_country_state_311","SG","Singapore","01","Central Singapore Community Development Council"
"__export__.res_country_state_315","MA","Morocco","01","Tanger-Tetouan-Al Hoceima"
"__export__.res_country_state_198","DO","Dominican Republic","01","Nacional"
"__export__.res_country_state_334","RW","Rwanda","01","Kigali"
"__export__.res_country_state_498","SA","Saudi Arabia","01","Ar Riyāḑ"
"__export__.res_country_state_476","JM","Jamaica","01","Kingston"
"__export__.res_country_state_287","BG","Bulgaria","01","Blagoevgrad"
"__export__.res_country_state_538","TZ","Tanzania","02","Dar es Salaam Region"
"__export__.res_country_state_227","DZ","Algeria","02","Chlef"
"__export__.res_country_state_529","SA","Saudi Arabia","02","Makkah Province"
"__export__.res_country_state_419","MA","Morocco","02","Oriental"
"__export__.res_country_state_450","CY","Cyprus","02","Limassol"
"__export__.res_country_state_622","TZ","Tanzania","03","Dodoma"
"__export__.res_country_state_339","DZ","Algeria","03","Laghouat"
"__export__.res_country_state_580","NO","Norway","03","Oslo County"
"__export__.res_country_state_512","BG","Bulgaria","03","Varna"
"__export__.res_country_state_413","MY","Malaysia","03","Kelantan"
"__export__.res_country_state_232","MA","Morocco","03","Fes-Meknes"
"__export__.res_country_state_326","SA","Saudi Arabia","03","Al Madinah al Munawwarah"
"__export__.res_country_state_371","MA","Morocco","04","Rabat-Sale-Kenitra"
"__export__.res_country_state_533","ZM","Zambia","04","Luapula Province"
"__export__.res_country_state_221","DM","Dominica","04","Saint George"
"__export__.res_country_state_451","MN","Mongolia","049","Selenge Aymag"
"__export__.res_country_state_278","DZ","Algeria","05","Batna"
"__export__.res_country_state_593","MY","Malaysia","05","Negeri Sembilan"
"__export__.res_country_state_458","DZ","Algeria","06","Béjaïa"
"__export__.res_country_state_265","MA","Morocco","06","Casablanca-Settat"
"__export__.res_country_state_359","ZM","Zambia","06","North-Western Province"
"__export__.res_country_state_367","TR","Turkey","06","Ankara"
"__export__.res_country_state_279","MA","Morocco","07","Marrakesh-Safi"
"__export__.res_country_state_236","MY","Malaysia","07","Penang"
"__export__.res_country_state_662","ZM","Zambia","07","Southern Province"
"__export__.res_country_state_246","BB","Barbados","08","Saint Michael"
"__export__.res_country_state_550","ZM","Zambia","08","Copperbelt"
"__export__.res_country_state_224","DZ","Algeria","08","Béchar"
"__export__.res_country_state_660","MA","Morocco","08","Draa-Tafilalet"
"__export__.res_country_state_521","DZ","Algeria","09","Blida"
"__export__.res_country_state_234","ZM","Zambia","09","Lusaka Province"
"__export__.res_country_state_686","GA","Gabon","1","Estuaire"
"__export__.res_country_state_196","NP","Nepal","1","Central Region"
"__export__.res_country_state_394","MN","Mongolia","1","Ulaanbaatar Hot"
"__export__.res_country_state_222","LK","Sri Lanka","1","Western Province"
"__export__.res_country_state_683","PT","Portugal","10","Leiria"
"__export__.res_country_state_282","MY","Malaysia","10","Selangor"
"__export__.res_country_state_592","ZM","Zambia","10","Muchinga"
"__export__.res_country_state_283","MY","Malaysia","10","Selangor"
"__export__.res_country_state_288","DZ","Algeria","10","Bouira"
"__export__.res_country_state_557","AL","Albania","10","Qarku i Shkodres"
"__export__.res_country_state_212","TH","Thailand","10","Bangkok"
"__export__.res_country_state_251","AL","Albania","11","Qarku i Tiranes"
"__export__.res_country_state_395","PT","Portugal","11","Lisboa"
"__export__.res_country_state_583","TN","Tunisia","11","Gouvernorat de Tunis"
"__export__.res_country_state_439","DZ","Algeria","12","Tébessa"
"__export__.res_country_state_589","NO","Norway","12","Hordaland Fylke"
"__export__.res_country_state_477","TH","Thailand","12","Changwat Nonthaburi"
"__export__.res_country_state_441","UA","Ukraine","12","Dnipropetrovska Oblast'"
"__export__.res_country_state_693","BF","Burkina Faso","12","Sahel"
"__export__.res_country_state_431","PT","Portugal","13","Porto"
"__export__.res_country_state_455","DZ","Algeria","13","Tlemcen"
"__export__.res_country_state_634","JP","Japan","13","Tōkyō"
"__export__.res_country_state_376","PH","Philippines","13","Caraga"
"__export__.res_country_state_667","BH","Bahrain","13","Manama"
"__export__.res_country_state_333","UA","Ukraine","14","Donets'ka Oblast'"
"__export__.res_country_state_446","MY","Malaysia","14","Kuala Lumpur"
"__export__.res_country_state_636","MR","Mauritania","14","Nouakchott Nord"
"__export__.res_country_state_470","DZ","Algeria","14","Tiaret"
"__export__.res_country_state_497","TH","Thailand","14","Changwat Phra Nakhon Si Ayutthaya"
"__export__.res_country_state_626","TZ","Tanzania","15","Zanzibar Urban/West"
"__export__.res_country_state_746","PT","Portugal","15","Setúbal"
"__export__.res_country_state_408","DZ","Algeria","15","Tizi Ouzou"
"__export__.res_country_state_511","DO","Dominican Republic","15","Provincia de Monte Cristi"
"__export__.res_country_state_480","BT","Bhutan","15","Thimphu Dzongkhag"
"__export__.res_country_state_475","BG","Bulgaria","16","Plovdiv"
"__export__.res_country_state_195","ME","Montenegro","16","Podgorica"
"__export__.res_country_state_193","DZ","Algeria","16","Algiers"
"__export__.res_country_state_585","SC","Seychelles","16","English River"
"__export__.res_country_state_467","DZ","Algeria","17","Djelfa"
"__export__.res_country_state_474","BG","Bulgaria","18","Oblast Ruse"
"__export__.res_country_state_532","VN","Vietnam","18","Tinh Ninh Binh"
"__export__.res_country_state_373","PT","Portugal","18","Viseu"
"__export__.res_country_state_766","FI","Finland","18","Uusimaa"
"__export__.res_country_state_465","TH","Thailand","19","Changwat Sara Buri"
"__export__.res_country_state_289","RS","Serbia","19","Rasina"
"__export__.res_country_state_464","LK","Sri Lanka","2","Central Province"
"__export__.res_country_state_411","VN","Vietnam","20","Tinh Thai Binh"
"__export__.res_country_state_418","RS","Serbia","20","Nisava"
"__export__.res_country_state_412","VN","Vietnam","21","Tinh Thanh Hoa"
"__export__.res_country_state_361","VN","Vietnam","22","Tinh Nghe An"
"__export__.res_country_state_490","BG","Bulgaria","22","Sofia-Capital"
"__export__.res_country_state_462","DO","Dominican Republic","23","Provincia de San Pedro de Macoris"
"__export__.res_country_state_300","DZ","Algeria","23","Annaba"
"__export__.res_country_state_762","UA","Ukraine","23","Zaporizhia"
"__export__.res_country_state_559","JP","Japan","23","Aichi"
"__export__.res_country_state_437","VN","Vietnam","24","Tinh Quang Binh"
"__export__.res_country_state_522","TH","Thailand","24","Changwat Chachoengsao"
"__export__.res_country_state_291","DO","Dominican Republic","25","Provincia de Santiago"
"__export__.res_country_state_615","IT","Italy","25","Lombardy"
"__export__.res_country_state_202","DZ","Algeria","25","Constantine"
"__export__.res_country_state_461","UA","Ukraine","26","Ivano-Frankivs'ka Oblast'"
"__export__.res_country_state_247","VN","Vietnam","27","Tinh Quang Nam"
"__export__.res_country_state_248","VN","Vietnam","27","Tinh Quang Nam"
"__export__.res_country_state_679","TZ","Tanzania","27","Geita"
"__export__.res_country_state_627","TZ","Tanzania","28","Katavi"
"__export__.res_country_state_426","TR","Turkey","28","Giresun"
"__export__.res_country_state_663","TZ","Tanzania","29","Njombe"
"__export__.res_country_state_621","DZ","Algeria","30","Ouargla"
"__export__.res_country_state_442","UA","Ukraine","30","Kyiv City"
"__export__.res_country_state_473","KE","Kenya","30","Nairobi Province"
"__export__.res_country_state_260","DZ","Algeria","31","Oran"
"__export__.res_country_state_576","IT","Italy","32","Trentino-Alto Adige"
"__export__.res_country_state_528","VN","Vietnam","33","Tinh GJak Lak"
"__export__.res_country_state_524","TR","Turkey","33","Mersin"
"__export__.res_country_state_305","TR","Turkey","34","Istanbul"
"__export__.res_country_state_364","TR","Turkey","35","Izmir"
"__export__.res_country_state_410","VN","Vietnam","35","Tinh Lam GJong"
"__export__.res_country_state_633","DZ","Algeria","36","El Tarf"
"__export__.res_country_state_387","VN","Vietnam","39","Tinh GJong Nai"
"__export__.res_country_state_380","AT","Austria","4","Upper Austria"
"__export__.res_country_state_423","TH","Thailand","40","Changwat Khon Kaen"
"__export__.res_country_state_447","PH","Philippines","40","Calabarzon"
"__export__.res_country_state_319","DZ","Algeria","42","Tipaza"
"__export__.res_country_state_368","DZ","Algeria","43","Mila"
"__export__.res_country_state_479","UA","Ukraine","43","Republic of Crimea"
"__export__.res_country_state_276","DZ","Algeria","44","Aïn Defla"
"__export__.res_country_state_520","VN","Vietnam","44","An Giang"
"__export__.res_country_state_749","IT","Italy","45","Emilia-Romagna"
"__export__.res_country_state_478","MT","Malta","46","Ir-Rabat"
"__export__.res_country_state_501","DZ","Algeria","46","Aïn Témouchent"
"__export__.res_country_state_554","UA","Ukraine","46","L'vivs'ka Oblast'"
"__export__.res_country_state_415","DZ","Algeria","48","Relizane"
"__export__.res_country_state_357","VN","Vietnam","49","Tinh Vinh Long"
"__export__.res_country_state_445","VN","Vietnam","51","Tinh Tra Vinh"
"__export__.res_country_state_657","IT","Italy","52","Tuscany"
"__export__.res_country_state_519","TN","Tunisia","52","Gouvernorat de Monastir"
"__export__.res_country_state_433","VN","Vietnam","54","Tinh Bac Giang"
"__export__.res_country_state_452","UA","Ukraine","56","Rivnens'ka Oblast'"
"__export__.res_country_state_329","VN","Vietnam","56","Tinh Bac Ninh"
"__export__.res_country_state_694","UA","Ukraine","59","Sums'ka Oblast'"
"__export__.res_country_state_757","VN","Vietnam","61","Tinh Hai Duong"
"__export__.res_country_state_402","TH","Thailand","62","Changwat Kamphaeng Phet"
"__export__.res_country_state_301","UA","Ukraine","63","Kharkivs'ka Oblast'"
"__export__.res_country_state_382","TH","Thailand","65","Changwat Phitsanulok"
"__export__.res_country_state_235","VN","Vietnam","66","Tinh Hung Yen"
"__export__.res_country_state_513","VN","Vietnam","67","Tinh Nam GJinh"
"__export__.res_country_state_496","VN","Vietnam","68","Tinh Phu Tho"
"__export__.res_country_state_503","VN","Vietnam","69","Tinh Thai Nguyen"
"__export__.res_country_state_436","UA","Ukraine","71","Cherkas'ka Oblast'"
"__export__.res_country_state_752","TN","Tunisia","71","Gafsa"
"__export__.res_country_state_685","TN","Tunisia","72","Gouvernorat de Tozeur"
"__export__.res_country_state_672","TR","Turkey","74","Bartın"
"__export__.res_country_state_649","NE","Niger","8","Niamey"
"__export__.res_country_state_327","DK","Denmark","84","Capital Region"
"__export__.res_country_state_213","TH","Thailand","84","Changwat Surat Thani"
"__export__.res_country_state_226","TH","Thailand","90","Changwat Songkhla"
"__export__.res_country_state_360","TH","Thailand","95","Changwat Yala"
"__export__.res_country_state_485","LS","Lesotho","A","Maseru"
"__export__.res_country_state_484","LS","Lesotho","A","Maseru"
"__export__.res_country_state_219","VE","Venezuela","A","Capital"
"__export__.res_country_state_263","GH","Ghana","AA","Greater Accra Region"
"__export__.res_country_state_487","SE","Sweden","AB","Stockholm"
"__export__.res_country_state_421","CA","Canada","AB","Alberta"
"__export__.res_country_state_249","ID","Indonesia","AC","Aceh"
"__export__.res_country_state_651","ET","Ethiopia","AF","Afar Region"
"__export__.res_country_state_262","MX","Mexico","AGU","Aguascalientes"
"__export__.res_country_state_422","GE","Georgia","AJ","Ajaria"
"base.state_us_2","US","United States","AK","Alaska"
"__export__.res_country_state_237","KZ","Kazakhstan","AKT","Aktyubinskaya Oblast'"
"base.state_us_1","US","United States","AL","Alabama"
"__export__.res_country_state_240","KZ","Kazakhstan","ALA","Almaty Qalasy"
"__export__.res_country_state_258","EG","Egypt","ALX","Alexandria"
"__export__.res_country_state_233","IQ","Iraq","AN","Anbar"
"__export__.res_country_state_307","CO","Colombia","ANT","Antioquia"
"__export__.res_country_state_184","IQ","Iraq","AR","Muhafazat Arbil"
"__export__.res_country_state_381","AM","Armenia","AR","Ararat"
"base.state_us_4","US","United States","AR","Arkansas"
"__export__.res_country_state_242","FR","France","ARA","Auvergne-Rhone-Alpes"
"__export__.res_country_state_347","TT","Trinidad and Tobago","ARI","Borough of Arima"
"__export__.res_country_state_508","IN","India","AS","Assam"
"__export__.res_country_state_656","EG","Egypt","ASN","Aswan"
"__export__.res_country_state_531","KZ","Kazakhstan","AST","Astana Qalasy"
"__export__.res_country_state_228","EG","Egypt","AST","Asyut"
"__export__.res_country_state_259","PY","Paraguay","ASU","Asuncion"
"__export__.res_country_state_610","NZ","New Zealand","AUK","Auckland"
"__export__.res_country_state_655","SO","Somalia","AW","Awdal"
"base.state_us_3","US","United States","AZ","Arizona"
"__export__.res_country_state_591","US","United States","AZ","Arizona"
"__export__.res_country_state_459","RO","Romania","B","Bucuresti"
"__export__.res_country_state_454","BO","Bolivia","B","El Beni"
"__export__.res_country_state_323","AR","Argentina","B","Buenos Aires"
"__export__.res_country_state_396","BD","Bangladesh","B","Chittagong"
"__export__.res_country_state_429","GR","Greece","B","Central Macedonia"
"__export__.res_country_state_631","LS","Lesotho","B","Butha-Buthe"
"__export__.res_country_state_379","PK","Pakistan","BA","Balochistan"
"__export__.res_country_state_182","IQ","Iraq","BA","Basra"
"__export__.res_country_state_280","AZ","Azerbaijan","BA","Baku City"
"__export__.res_country_state_297","ID","Indonesia","BA","Bali"
"__export__.res_country_state_691","CA","Canada","BC","British Columbia"
"__export__.res_country_state_349","MX","Mexico","BCN","Baja California"
"__export__.res_country_state_438","ID","Indonesia","BE","Bengkulu"
"__export__.res_country_state_581","DE","Germany","BE","Land Berlin"
"__export__.res_country_state_630","ET","Ethiopia","BE","Bīnshangul Gumuz"
"__export__.res_country_state_215","IQ","Iraq","BG","Baghdad"
"__export__.res_country_state_664","AO","Angola","BGU","Benguela"
"__export__.res_country_state_481","EG","Egypt","BH","Beheira"
"__export__.res_country_state_692","CN","China","BJ","Beijing"
"__export__.res_country_state_637","SO","Somalia","BK","Bakool"
"__export__.res_country_state_350","ML","Mali","BKO","Bamako Region"
"__export__.res_country_state_187","SO","Somalia","BN","Banaadir"
"__export__.res_country_state_618","EG","Egypt","BNS","Beni Suef"
"__export__.res_country_state_640","SO","Somalia","BR","Bari"
"__export__.res_country_state_340","IN","India","BR","Bihar"
"__export__.res_country_state_456","BE","Belgium","BRU","Brussels Capital"
"__export__.res_country_state_555","ID","Indonesia","BT","Banten"
"__export__.res_country_state_537","HU","Hungary","BU","Budapest"
"__export__.res_country_state_763","DE","Germany","BW","Baden-Württemberg Region"
"__export__.res_country_state_588","DE","Germany","BY","Bavaria"
"__export__.res_country_state_271","BZ","Belize","BZ","Belize District"
"__export__.res_country_state_753","GN","Guinea","C","Conakry Region"
"__export__.res_country_state_564","IE","Ireland","C","Connaught"
"__export__.res_country_state_181","BD","Bangladesh","C","Dhaka Division"
"__export__.res_country_state_443","BO","Bolivia","C","Departamento de Cochabamba"
"__export__.res_country_state_344","AR","Argentina","C","Ciudad Autónoma de Buenos Aires"
"__export__.res_country_state_183","EG","Egypt","C","Cairo"
"base.state_us_5","US","United States","CA","California"
"__export__.res_country_state_180","US","United States","CA","California"
"__export__.res_country_state_648","NZ","New Zealand","CAN","Canterbury"
"__export__.res_country_state_569","ES","Spain","CB","Cantabria"
"__export__.res_country_state_760","BW","Botswana","CE","Central District"
"__export__.res_country_state_414","CM","Cameroon","CE","Centre"
"__export__.res_country_state_460","IN","India","CH","Chandigarh"
"__export__.res_country_state_261","TT","Trinidad and Tobago","CHA","Chaguanas"
"__export__.res_country_state_337","MX","Mexico","CHH","Chihuahua"
"__export__.res_country_state_526","MX","Mexico","CHP","Chiapas"
"__export__.res_country_state_370","RO","Romania","CJ","Judetul Cluj"
"__export__.res_country_state_201","MX","Mexico","CMX","Mexico City"
"base.state_us_6","US","United States","CO","Colorado"
"__export__.res_country_state_608","US","United States","CO","Colorado"
"__export__.res_country_state_358","BS","Bahamas","CO","Central Abaco District"
"__export__.res_country_state_516","MX","Mexico","COA","Coahuila"
"__export__.res_country_state_294","MX","Mexico","COL","Colima"
"__export__.res_country_state_383","HN","Honduras","CR","Departamento de Cortes"
"__export__.res_country_state_600","US","United States","CT","Connecticut"
"base.state_us_7","US","United States","CT","Connecticut"
"__export__.res_country_state_324","RO","Romania","CT","Constanta"
"__export__.res_country_state_488","IN","India","CT","Chhattisgarh"
"__export__.res_country_state_345","BD","Bangladesh","D","Khulna Division"
"__export__.res_country_state_338","VE","Venezuela","D","Aragua"
"__export__.res_country_state_284","US","United States","DC","District of Columbia"
"base.state_us_9","US","United States","DC","District of Columbia"
"__export__.res_country_state_417","CO","Colombia","DC","D.C."
"__export__.res_country_state_620","ET","Ethiopia","DD","Dire Dawa"
"__export__.res_country_state_252","GY","Guyana","DE","Demerara-Mahaica Region"
"base.state_us_8","US","United States","DE","Delaware"
"__export__.res_country_state_548","US","United States","DE","Delaware"
"__export__.res_country_state_518","YE","Yemen","DH","Dhamār"
"__export__.res_country_state_435","TP","East Timor","DI","Dili"
"__export__.res_country_state_366","SN","Senegal","DK","Dakar"
"__export__.res_country_state_203","EG","Egypt","DK","Dakahlia"
"__export__.res_country_state_209","IN","India","DL","Delhi"
"__export__.res_country_state_493","VN","Vietnam","DN","Thanh Pho GJa Nang"
"__export__.res_country_state_386","EG","Egypt","DT","Damietta"
"__export__.res_country_state_582","AE","United Arab Emirates","DU","Dubai"
"__export__.res_country_state_365","MX","Mexico","DUR","Durango"
"__export__.res_country_state_502","BD","Bangladesh","E","Rajshahi Division"
"__export__.res_country_state_650","SL","Sierra Leone","E","Eastern Province"
"__export__.res_country_state_659","LS","Lesotho","E","Mafeteng District"
"__export__.res_country_state_607","NG","Nigeria","EB","Ebonyi State"
"__export__.res_country_state_58","ZA","South Africa","ECP","Eastern Cape"
"__export__.res_country_state_675","NG","Nigeria","EK","Ekiti State"
"__export__.res_country_state_605","CM","Cameroon","EN","Far North Region"
"__export__.res_country_state_254","GB","United Kingdom","ENG","England"
"__export__.res_country_state_647","GH","Ghana","EP","Eastern Region"
"__export__.res_country_state_375","HN","Honduras","EP","Departamento de El Paraiso"
"__export__.res_country_state_264","NA","Namibia","ER","Erongo"
"__export__.res_country_state_225","AM","Armenia","ER","Yerevan"
"__export__.res_country_state_239","BR","Brazil","ES","Espírito Santo"
"__export__.res_country_state_530","BD","Bangladesh","F","Rangpur Division"
"__export__.res_country_state_536","US","United States","FL","Florida"
"base.state_us_10","US","United States","FL","Florida"
"__export__.res_country_state_374","HN","Honduras","FM","Departamento de Francisco Morazan"
"__export__.res_country_state_597","South Africa.","South Africa.","FS","Free State"
"__export__.res_country_state_72","ZA","South Africa","FSP","Freestate"
"__export__.res_country_state_509","EG","Egypt","FYM","Faiyum"
"__export__.res_country_state_653","GR","Greece","G","West Greece"
"__export__.res_country_state_661","LS","Lesotho","G","Quthing"
"__export__.res_country_state_293","EC","Ecuador","G","Provincia del Guayas"
"__export__.res_country_state_466","VE","Venezuela","G","Carabobo"
"__export__.res_country_state_642","KM","Comoros","G","Grande Comore"
"base.state_us_11","US","United States","GA","Georgia"
"__export__.res_country_state_688","BW","Botswana","GA","Gaborone"
"__export__.res_country_state_594","US","United States","GA","Georgia"
"__export__.res_country_state_619","ET","Ethiopia","GA","Gambela"
"__export__.res_country_state_765","CN","China","GD","Guangdong"
"__export__.res_country_state_471","FR","France","GES","Grand-Est"
"__export__.res_country_state_646","LR","Liberia","GG","Grand Gedeh County"
"__export__.res_country_state_759","BW","Botswana","GH","Ghanzi District"
"__export__.res_country_state_393","EG","Egypt","GH","Gharbia"
"__export__.res_country_state_238","IN","India","GJ","Gujarat"
"__export__.res_country_state_606","NG","Nigeria","GO","Gombe State"
"__export__.res_country_state_53","ZA","South Africa","GP","Gauteng"
"__export__.res_country_state_542","PG","Papua New Guinea","GPK","Gulf Province"
"__export__.res_country_state_534","SB","Solomon Islands","GU","Guadalcanal Province"
"__export__.res_country_state_269","GT","Guatemala","GU","Departamento de Guatemala"
"__export__.res_country_state_268","EG","Egypt","GZ","Giza"
"__export__.res_country_state_674","IL","Israel","HA","Haifa"
"__export__.res_country_state_565","ZW","Zimbabwe","HA","Harare"
"__export__.res_country_state_750","CN","China","HB","Hubei"
"__export__.res_country_state_510","BM","Bermuda","HC","Hamilton city"
"__export__.res_country_state_676","HK","Hong Kong","HCW","Central and Western District"
"__export__.res_country_state_397","YE","Yemen","HD","Muhafazat Hadramawt"
"__export__.res_country_state_547","FR","France","HDF","Hauts-de-France"
"__export__.res_country_state_296","DE","Germany","HE","Hesse"
"__export__.res_country_state_486","SZ","Swaziland","HH","Hhohho District"
"__export__.res_country_state_578","DE","Germany","HH","Hamburg"
"base.state_us_12","US","United States","HI","Hawaii"
"__export__.res_country_state_330","MX","Mexico","HID","Hidalgo"
"__export__.res_country_state_244","BY","Belarus","HM","Minsk City"
"__export__.res_country_state_204","VN","Vietnam","HN","Thanh Pho Ha Noi"
"__export__.res_country_state_595","BY","Belarus","HO","Gomel"
"__export__.res_country_state_243","VN","Vietnam","HP","Thanh Pho Hai Phong"
"__export__.res_country_state_292","IN","India","HP","Himachal Pradesh"
"__export__.res_country_state_515","BY","Belarus","HR","Grodnenskaya"
"__export__.res_country_state_299","IN","India","HR","Haryana"
"__export__.res_country_state_751","GR","Greece","I","Attica"
"base.state_us_16","US","United States","IA","Iowa"
"__export__.res_country_state_335","US","United States","IA","Iowa"
"base.state_us_13","US","United States","ID","Idaho"
"__export__.res_country_state_384","FR","France","IDF","Île-de-France"
"__export__.res_country_state_535","US","United States","IL","Illinois"
"base.state_us_14","US","United States","IL","Illinois"
"__export__.res_country_state_558","US","United States","IN","Indiana"
"base.state_us_15","US","United States","IN","Indiana"
"__export__.res_country_state_207","PK","Pakistan","IS","Islamabad Capital Territory"
"__export__.res_country_state_624","EG","Egypt","IS","Ismailia"
"__export__.res_country_state_331","LB","Lebanon","JA","South Governorate"
"__export__.res_country_state_255","MX","Mexico","JAL","Jalisco"
"__export__.res_country_state_342","ID","Indonesia","JB","Jawa Barat"
"__export__.res_country_state_290","ID","Indonesia","JI","Jawa Timur"
"__export__.res_country_state_197","ID","Indonesia","JK","Jakarta"
"__export__.res_country_state_354","PK","Pakistan","JK","Azad Kashmir"
"__export__.res_country_state_495","IN","India","JK","Jammu and Kashmir"
"__export__.res_country_state_277","ID","Indonesia","JT","Jawa Tengah"
"__export__.res_country_state_492","VE","Venezuela","K","Lara"
"__export__.res_country_state_281","IN","India","KA","Karnataka"
"__export__.res_country_state_332","KZ","Kazakhstan","KAR","Qaraghandy Oblysy"
"__export__.res_country_state_217","EG","Egypt","KB","Qalyubia"
"__export__.res_country_state_767","NG","Nigeria","KD","Kaduna State"
"__export__.res_country_state_632","EG","Egypt","KFS","Kafr el-Sheikh"
"__export__.res_country_state_681","BW","Botswana","KG","Kgalagadi District"
"__export__.res_country_state_189","NA","Namibia","KH","Khomas"
"__export__.res_country_state_206","IQ","Iraq","KI","Kirkuk"
"__export__.res_country_state_489","HK","Hong Kong","KKC","Kowloon City"
"__export__.res_country_state_643","BW","Botswana","KL","Kgatleng District"
"__export__.res_country_state_285","EG","Egypt","KN","Qena"
"__export__.res_country_state_308","CG","Congo","KN","Kinshasa City"
"__export__.res_country_state_406","PL","Poland","KP","Kujawsko-Pomorskie"
"__export__.res_country_state_186","PK","Pakistan","KP","Khyber Pakhtunkhwa"
"__export__.res_country_state_378","ID","Indonesia","KR","Kepulauan Riau"
"base.state_us_17","US","United States","KS","Kansas"
"__export__.res_country_state_428","KW","Kuwait","KU","Al Asimah"
"__export__.res_country_state_469","KZ","Kazakhstan","KUS","Qostanay Oblysy"
"base.state_us_18","US","United States","KY","Kentucky"
"__export__.res_country_state_70","ZA","South Africa","KZN","Kwazulu Natal"
"__export__.res_country_state_525","VE","Venezuela","L","Mérida"
"__export__.res_country_state_549","IE","Ireland","L","Leinster"
"__export__.res_country_state_312","BO","Bolivia","L","Departamento de La Paz"
"__export__.res_country_state_211","NG","Nigeria","LA","Lagos"
"base.state_us_19","US","United States","LA","Louisiana"
"__export__.res_country_state_612","US","United States","LA","Louisiana"
"__export__.res_country_state_764","PL","Poland","LD","Łódź Voivodeship"
"__export__.res_country_state_322","NI","Nicaragua","LE","Departamento de Leon"
"__export__.res_country_state_231","BJ","Benin","LI","Littoral"
"__export__.res_country_state_669","NL","Netherlands","LI","Limburg"
"__export__.res_country_state_351","PE","Peru","LMA","Lima"
"__export__.res_country_state_629","CG","Congo","LO","Lomami"
"__export__.res_country_state_61","ZA","South Africa","LP","Limpopo"
"__export__.res_country_state_295","PL","Poland","LU","Lublin"
"__export__.res_country_state_218","AO","Angola","LUA","Luanda Province"
"__export__.res_country_state_645","EG","Egypt","LX","Luxor"
"__export__.res_country_state_336","VE","Venezuela","M","Miranda"
"__export__.res_country_state_420","PL","Poland","MA","Lesser Poland Voivodeship"
"__export__.res_country_state_506","BY","Belarus","MA","Mogilev"
"base.state_us_34","US","United States","MA","Massachusetts"
"__export__.res_country_state_425","SZ","Swaziland","MA","Manzini District"
"__export__.res_country_state_540","US","United States","MA","Massachusetts"
"__export__.res_country_state_758","SZ","Swaziland","MA","Manzini District"
"__export__.res_country_state_483","IQ","Iraq","MA","Maysan"
"__export__.res_country_state_617","ZW","Zimbabwe","MC","Mashonaland Central"
"__export__.res_country_state_768","ES","Spain","MD","Madrid"
"__export__.res_country_state_362","US","United States","MD","Maryland"
"base.state_us_33","US","United States","MD","Maryland"
"base.state_us_20","US","United States","ME","Maine"
"__export__.res_country_state_230","MX","Mexico","MEX","México"
"__export__.res_country_state_190","IN","India","MH","Maharashtra"
"__export__.res_country_state_270","RO","Romania","MH","Judetul Mehedinti"
"__export__.res_country_state_658","US","United States","MI","Michigan"
"base.state_us_35","US","United States","MI","Michigan"
"__export__.res_country_state_499","NI","Nicaragua","MN","Departamento de Managua"
"__export__.res_country_state_611","ZW","Zimbabwe","MN","Matabeleland North"
"__export__.res_country_state_563","US","United States","MN","Minnesota"
"base.state_us_36","US","United States","MN","Minnesota"
"__export__.res_country_state_625","EG","Egypt","MNF","Monufia"
"__export__.res_country_state_539","US","United States","MO","Missouri"
"__export__.res_country_state_641","LR","Liberia","MO","Montserrado County"
"base.state_us_38","US","United States","MO","Missouri"
"__export__.res_country_state_352","MX","Mexico","MOR","Morelos"
"__export__.res_country_state_192","IN","India","MP","Madhya Pradesh"
"__export__.res_country_state_63","ZA","South Africa","MP","Mpumalanga"
"__export__.res_country_state_424","MZ","Mozambique","MPM","Cidade de Maputo"
"base.state_us_37","US","United States","MS","Mississippi"
"base.state_us_21","US","United States","MT","Montana"
"__export__.res_country_state_690","ZW","Zimbabwe","MV","Masvingo Province"
"__export__.res_country_state_638","BI","Burundi","MY","Muyinga Province"
"__export__.res_country_state_286","PL","Poland","MZ","Mazovia"
"__export__.res_country_state_400","IQ","Iraq","NA","An Najaf"
"__export__.res_country_state_398","FR","France","NAQ","Nouvelle-Aquitaine"
"__export__.res_country_state_353","MX","Mexico","NAY","Nayarit"
"base.state_us_28","US","United States","NC","North Carolina"
"__export__.res_country_state_527","US","United States","NC","North Carolina"
"__export__.res_country_state_73","ZA","South Africa","NCP","Northern Cape"
"__export__.res_country_state_346","HT","Haiti","ND","Nord"
"base.state_us_29","US","United States","ND","North Dakota"
"base.state_us_22","US","United States","NE","Nebraska"
"__export__.res_country_state_761","BW","Botswana","NE","North-East"
"__export__.res_country_state_579","NL","Netherlands","NH","North Holland"
"base.state_us_24","US","United States","NH","New Hampshire"
"__export__.res_country_state_577","DE","Germany","NI","Lower Saxony"
"__export__.res_country_state_596","NG","Nigeria","NI","Niger State"
"__export__.res_country_state_432","US","United States","NJ","New Jersey"
"base.state_us_25","US","United States","NJ","New Jersey"
"__export__.res_country_state_267","MR","Mauritania","NKC","District de Nouakchott"
"__export__.res_country_state_598","ZA","South Africa","NL","KwaZulu-Natal"
"__export__.res_country_state_256","MX","Mexico","NLE","Nuevo León"
"base.state_us_26","US","United States","NM","New Mexico"
"__export__.res_country_state_541","AU","Australia","NSW","New South Wales"
"__export__.res_country_state_678","HK","Hong Kong","NTW","Tsuen Wan District"
"base.state_us_23","US","United States","NV","Nevada"
"__export__.res_country_state_599","US","United States","NV","Nevada"
"__export__.res_country_state_609","South Africa.","South Africa.","NW","North West"
"__export__.res_country_state_314","DE","Germany","NW","North Rhine-Westphalia"
"__export__.res_country_state_71","ZA","South Africa","NWP","Northwest"
"base.state_us_27","US","United States","NY","New York"
"__export__.res_country_state_205","US","United States","NY","New York"
"__export__.res_country_state_273","EC","Ecuador","O","Provincia de El Oro"
"__export__.res_country_state_391","VE","Venezuela","O","Nueva Esparta"
"__export__.res_country_state_409","MX","Mexico","OAX","Oaxaca"
"__export__.res_country_state_754","NA","Namibia","OD","Otjozondjupa"
"base.state_us_30","US","United States","OH","Ohio"
"__export__.res_country_state_194","US","United States","OH","Ohio"
"base.state_us_31","US","United States","OK","Oklahoma"
"__export__.res_country_state_689","CA","Canada","ON","Ontario"
"__export__.res_country_state_756","NA","Namibia","ON","Oshana"
"base.state_us_32","US","United States","OR","Oregon"
"__export__.res_country_state_434","IN","India","OR","Orissa"
"__export__.res_country_state_505","US","United States","OR","Oregon"
"__export__.res_country_state_623","ET","Ethiopia","OR","Oromiya"
"__export__.res_country_state_200","NG","Nigeria","OS","Osun State"
"__export__.res_country_state_229","NA","Namibia","OS","Omusati"
"__export__.res_country_state_404","HT","Haiti","OU","Departement de l'Ouest"
"__export__.res_country_state_684","NL","Netherlands","OV","Provincie Overijssel"
"__export__.res_country_state_670","NA","Namibia","OW","Ohangwena"
"__export__.res_country_state_523","BZ","Belize","OW","Orange Walk District"
"__export__.res_country_state_682","NG","Nigeria","OY","Oyo State"
"__export__.res_country_state_401","EC","Ecuador","P","Provincia de Pichincha"
"__export__.res_country_state_491","VE","Venezuela","P","Portuguesa"
"__export__.res_country_state_390","MU","Mauritius","PA","Pamplemousses District"
"__export__.res_country_state_514","ID","Indonesia","PA","Papua"
"__export__.res_country_state_665","US","United States","PA","Pennsylvania"
"base.state_us_39","US","United States","PA","Pennsylvania"
"__export__.res_country_state_389","KZ","Kazakhstan","PAV","Pavlodar Oblysy"
"__export__.res_country_state_590","BR","Brazil","PB","Paraíba"
"__export__.res_country_state_185","PK","Pakistan","PB","Punjab"
"__export__.res_country_state_680","BR","Brazil","PE","Pernambuco"
"__export__.res_country_state_216","MU","Mauritius","PL","Port Louis District"
"__export__.res_country_state_388","SR","Suriname","PM","Distrikt Paramaribo"
"__export__.res_country_state_407","TT","Trinidad and Tobago","POS","City of Port of Spain"
"__export__.res_country_state_457","BR","Brazil","PR","Paraná"
"__export__.res_country_state_177","CT","Country","pro","Province"
"__export__.res_country_state_266","EG","Egypt","PTS","Port Said"
"__export__.res_country_state_250","MX","Mexico","PUE","Puebla"
"__export__.res_country_state_356","MU","Mauritius","PW","Plaines Wilhems District"
"__export__.res_country_state_372","CA","Canada","QC","Quebec"
"__export__.res_country_state_586","AU","Australia","QLD","Queensland"
"__export__.res_country_state_355","MX","Mexico","QUE","Querétaro"
"__export__.res_country_state_316","AR","Argentina","R","Río Negro"
"__export__.res_country_state_482","ID","Indonesia","RI","Riau"
"base.state_us_40","US","United States","RI","Rhode Island"
"__export__.res_country_state_666","NG","Nigeria","RI","Rivers State"
"__export__.res_country_state_245","IN","India","RJ","Rajasthan"
"__export__.res_country_state_673","BR","Brazil","RJ","Rio de Janeiro"
"__export__.res_country_state_208","CL","Chile","RM","Santiago Metropolitan"
"__export__.res_country_state_748","DE","Germany","RP","Rheinland-Pfalz"
"__export__.res_country_state_303","AR","Argentina","S","Santa Fe"
"__export__.res_country_state_584","AU","Australia","SA","South Australia"
"__export__.res_country_state_427","AZ","Azerbaijan","SAL","Salyan Rayon"
"base.state_us_41","US","United States","SC","South Carolina"
"__export__.res_country_state_561","GB","United Kingdom","SCT","Scotland"
"base.state_us_42","US","United States","SD","South Dakota"
"__export__.res_country_state_199","PK","Pakistan","SD","Sindh"
"__export__.res_country_state_317","BW","Botswana","SE","South-East"
"__export__.res_country_state_603","SN","Senegal","SE","Region de Sedhiou"
"__export__.res_country_state_223","VN","Vietnam","SG","Ho Chi Minh City"
"__export__.res_country_state_551","AE","United Arab Emirates","SH","Sharjah"
"__export__.res_country_state_677","CN","China","SH","Shanghai"
"__export__.res_country_state_214","EG","Egypt","SHG","Sohag"
"__export__.res_country_state_494","EG","Egypt","SHR","Al Sharqia"
"__export__.res_country_state_652","LR","Liberia","SI","Sinoe County"
"__export__.res_country_state_403","MX","Mexico","SIN","Sinaloa"
"__export__.res_country_state_302","CR","Costa Rica","SJ","Provincia de San Jose"
"__export__.res_country_state_444","PL","Poland","SK","Świętokrzyskie"
"__export__.res_country_state_430","MX","Mexico","SLP","San Luis Potosí"
"__export__.res_country_state_507","AZ","Azerbaijan","SM","Sumqayit City"
"__export__.res_country_state_468","RO","Romania","SM","Satu Mare"
"__export__.res_country_state_320","ID","Indonesia","SN","Sulawesi Selatan"
"__export__.res_country_state_453","YE","Yemen","SN","Sanaa"
"__export__.res_country_state_644","ET","Ethiopia","SN","Southern Nations, Nationalities, and People's Region"
"__export__.res_country_state_363","UY","Uruguay","SO","Soriano"
"__export__.res_country_state_369","ET","Ethiopia","SO","Somali"
"__export__.res_country_state_405","MX","Mexico","SON","Sonora"
"__export__.res_country_state_440","BR","Brazil","SP","São Paulo"
"__export__.res_country_state_325","SV","El Salvador","SS","Departamento de San Salvador"
"__export__.res_country_state_613","DE","Germany","ST","Saxony-Anhalt"
"__export__.res_country_state_343","ID","Indonesia","SU","Sumatra Utara"
"__export__.res_country_state_747","CM","Cameroon","SU","South"
"__export__.res_country_state_220","IQ","Iraq","SU","Muhafazat as Sulaymaniyah"
"__export__.res_country_state_210","LY","Libya","TB","Tripoli"
"__export__.res_country_state_310","GE","Georgia","TB","K'alak'i T'bilisi"
"__export__.res_country_state_304","IN","India","TG","Telangana"
"__export__.res_country_state_654","SN","Senegal","TH","Region de Thies"
"__export__.res_country_state_517","UZ","Uzbekistan","TK","Toshkent Shahri"
"__export__.res_country_state_318","IN","India","TN","Tamil Nadu"
"base.state_us_43","US","United States","TN","Tennessee"
"__export__.res_country_state_635","SO","Somalia","TO","Togdheer"
"__export__.res_country_state_668","TW","Taiwan","TPE","Taipei City"
"__export__.res_country_state_639","CG","Congo","TU","Tshuapa"
"__export__.res_country_state_628","GH","Ghana","TV","Volta Region"
"__export__.res_country_state_463","US","United States","TX","Texas"
"base.state_us_44","US","United States","TX","Texas"
"__export__.res_country_state_306","TW","Taiwan","TXG","Taichung City"
"__export__.res_country_state_560","SE","Sweden","U","Västmanland"
"__export__.res_country_state_241","IN","India","UP","Uttar Pradesh"
"__export__.res_country_state_392","US","United States","UT","Utah"
"base.state_us_45","US","United States","UT","Utah"
"__export__.res_country_state_687","NL","Netherlands","UT","Provincie Utrecht"
"__export__.res_country_state_341","IN","India","UT","Uttarakhand"
"__export__.res_country_state_614","GH","Ghana","UW","Upper West Region"
"__export__.res_country_state_449","VE","Venezuela","V","Zulia"
"__export__.res_country_state_257","US","United States","VA","Virginia"
"base.state_us_47","US","United States","VA","Virginia"
"__export__.res_country_state_328","CO","Colombia","VAC","Valle del Cauca"
"__export__.res_country_state_556","ES","Spain","VC","Valencia"
"__export__.res_country_state_587","AU","Australia","VIC","Victoria"
"__export__.res_country_state_416","BE","Belgium","VLG","Flanders"
"__export__.res_country_state_448","RO","Romania","VN","Vrancea"
"__export__.res_country_state_275","RS","Serbia","VO","Vojvodina"
"__export__.res_country_state_504","KZ","Kazakhstan","VOS","East Kazakhstan"
"base.state_us_46","US","United States","VT","Vermont"
"__export__.res_country_state_566","LA","Laos","VT","Vientiane Prefecture"
"__export__.res_country_state_377","SL","Sierra Leone","W","Western Area"
"__export__.res_country_state_253","IQ","Iraq","WA","Muhafazat Wasit"
"__export__.res_country_state_191","US","United States","WA","Washington"
"__export__.res_country_state_616","AU","Australia","WA","Western Australia"
"base.state_us_48","US","United States","WA","Washington"
"__export__.res_country_state_313","IN","India","WB","West Bengal"
"__export__.res_country_state_66","ZA","South Africa","WCP","Western Cape"
"__export__.res_country_state_755","NZ","New Zealand","WGN","Wellington"
"base.state_us_50","US","United States","WI","Wisconsin"
"__export__.res_country_state_309","GB","United Kingdom","WLS","Wales"
"base.state_us_49","US","United States","WV","West Virginia"
"base.state_us_51","US","United States","WY","Wyoming"
"__export__.res_country_state_500","VE","Venezuela","X","Vargas"
"__export__.res_country_state_385","AR","Argentina","Y","Jujuy"
"__export__.res_country_state_274","HN","Honduras","YO","Departamento de Yoro"
"__export__.res_country_state_604","NG","Nigeria","ZA","Zamfara State"
"__export__.res_country_state_562","MX","Mexico","ZAC","Zacatecas"
"__export__.res_country_state_671","NL","Netherlands","ZH","South Holland"
"__export__.res_country_state_399","PL","Poland","ZP","West Pomerania"
